{
  "window_hours": 24,
  "generated_at": "2025-11-03T00:55:19.260146",
  "counts": {
    "tasks_total": 99,
    "complete_loops": 74,
    "incomplete_loops": 25,
    "evidence_gate_triggered": 0,
    "second_pass": 0
  },
  "durations_avg_sec": {
    "folding": 4.000801409459472,
    "unfolding": 6.337995366216058,
    "integration": 9.416509145946103,
    "symmetry": 0.0025965418921546986
  },
  "durations_p95_sec": {
    "folding": 7.805299600000012,
    "unfolding": 11.344984599999407,
    "integration": 16.739956100005656,
    "symmetry": 0.00591790000180481
  },
  "rates_pct": {
    "loop_complete_rate": 74.74747474747475,
    "evidence_gate_trigger_rate": 0.0,
    "second_pass_rate": 0.0
  },
  "quality": {
    "final_quality_avg": 0.85,
    "final_evidence_ok_rate": 100.0
  },
  "samples": [
    {
      "task_id": "runtime-test-1762035875-a7e7d9",
      "phases": {
        "folding": 5.152737300006265,
        "unfolding": 8.004850299999816,
        "integration": 14.967229699999734,
        "symmetry": 0.00564200000371784
      },
      "context_count": 0,
      "citations_thesis": 3,
      "citations_synthesis": 6,
      "evidence_gate_triggered": false,
      "second_pass": false,
      "final_quality": 0.85,
      "final_evidence_ok": true
    },
    {
      "task_id": "runtime-test-1762036362-0b3302",
      "phases": {
        "folding": 6.171366900001885,
        "unfolding": 11.155917700001737,
        "integration": 11.136426800003392,
        "symmetry": 0.004666699998779222
      },
      "context_count": 0,
      "citations_thesis": 3,
      "citations_synthesis": 6,
      "evidence_gate_triggered": false,
      "second_pass": false,
      "final_quality": 0.85,
      "final_evidence_ok": true
    },
    {
      "task_id": "runtime-test-1762036395-c4d7fb",
      "phases": {
        "folding": 5.832450800000515,
        "unfolding": 9.390066200001456,
        "integration": 17.72532030000002,
        "symmetry": 0.004801399998541456
      },
      "context_count": 0,
      "citations_thesis": 3,
      "citations_synthesis": 6,
      "evidence_gate_triggered": false,
      "second_pass": false,
      "final_quality": 0.85,
      "final_evidence_ok": true
    },
    {
      "task_id": "runtime-test-001",
      "phases": {
        "folding": 4.245117599999503,
        "unfolding": 7.483261400000629,
        "integration": 11.619926200000918,
        "symmetry": 0.0063632000019424595
      },
      "context_count": 0,
      "citations_thesis": 3,
      "citations_synthesis": 6,
      "evidence_gate_triggered": false,
      "second_pass": false,
      "final_quality": 0.85,
      "final_evidence_ok": true
    },
    {
      "task_id": "test-ledger-1762036772",
      "phases": {
        "folding": 3.8050923999981023,
        "unfolding": 8.401775400001497,
        "integration": 11.979155900000478,
        "symmetry": 0.0021010000054957345
      },
      "context_count": 0,
      "citations_thesis": 3,
      "citations_synthesis": 6,
      "evidence_gate_triggered": false,
      "second_pass": false,
      "final_quality": 0.85,
      "final_evidence_ok": true
    }
  ],
  "policy": {
    "counts": {
      "allow": 21,
      "warn": 84,
      "block": 0
    },
    "last": {
      "mode": "observe",
      "policy": "quality-first",
      "reasons": []
    }
  },
  "closed_loop": {
    "resonance_simulator": {
      "summary": null,
      "last_resonance": null,
      "last_entropy": null
    },
    "realtime_resonance": {
      "strength": null,
      "coherence": null,
      "phase": null
    }
  }
}