{
  "consciousness": 0.49433882566678455,
  "unconscious": 0.5691860035452345,
  "background_self": 0.6137140447382435,
  "energy": 0.9903937453820275,
  "resonance": 0.5,
  "curiosity": 0.5,
  "boredom": 0.4400000000000001,
  "last_action": null,
  "last_action_time": null,
  "heartbeat_count": 22,
  "internal_clock": 1.1000000000000003,
  "drives": {
    "explore": 0.5,
    "avoid": 0.2,
    "self_focus": 0.5,
    "connect": 0.3,
    "rest": 0.1
  }
}