{
  "consciousness": 0.49431521728190897,
  "unconscious": 0.5715924802298059,
  "background_self": 0.6228416841408487,
  "energy": 0.9956951807830445,
  "resonance": 0.5,
  "curiosity": 0.5,
  "boredom": 0.46000000000000013,
  "last_action": null,
  "last_action_time": null,
  "heartbeat_count": 23,
  "internal_clock": 1.1500000000000004,
  "drives": {
    "explore": 0.5,
    "avoid": 0.2,
    "self_focus": 0.5,
    "connect": 0.3,
    "rest": 0.1
  }
}