{
  "consciousness": 0.49425711993918564,
  "unconscious": 0.577496265687408,
  "background_self": 0.6416519211940769,
  "energy": 0.9936369728103986,
  "resonance": 0.5,
  "curiosity": 0.5,
  "boredom": 0.5000000000000001,
  "last_action": null,
  "last_action_time": null,
  "heartbeat_count": 25,
  "internal_clock": 1.2500000000000004,
  "drives": {
    "explore": 0.5,
    "avoid": 0.2,
    "self_focus": 0.5,
    "connect": 0.3,
    "rest": 0.1
  }
}