{
  "timestamp": "2025-10-29T19:27:05.061190",
  "weights": {
    "logic": 0.3820593238404412,
    "emotion": 0.3455148309601102,
    "rhythm": 0.27242584519944857
  },
  "metadata": {
    "learning_rate": 0.005,
    "predictions_count": 103,
    "judge_stats": {
      "logic": {
        "accuracy": 1.0,
        "avg_confidence": 0.8499999999999991,
        "correct_count": 103,
        "total_count": 103,
        "calibration_error": 0.1500000000000009
      },
      "emotion": {
        "accuracy": 1.0,
        "avg_confidence": 0.7468850280399304,
        "correct_count": 103,
        "total_count": 103,
        "calibration_error": 0.2531149719600696
      },
      "rhythm": {
        "accuracy": 1.0,
        "avg_confidence": 0.850485436893203,
        "correct_count": 103,
        "total_count": 103,
        "calibration_error": 0.149514563106797
      }
    },
    "weight_change": 0.001190127549307711,
    "window_hours": 48
  }
}