{
  "timestamp": "2025-11-15T10:25:01.538277",
  "weights": {
    "logic": 0.37722352240661605,
    "emotion": 0.344305880601654,
    "rhythm": 0.27847059699173
  },
  "metadata": {
    "learning_rate": 0.01,
    "predictions_count": 7,
    "judge_stats": {
      "logic": {
        "accuracy": 1.0,
        "avg_confidence": 0.8499999999999999,
        "correct_count": 7,
        "total_count": 7,
        "calibration_error": 0.15000000000000013
      },
      "emotion": {
        "accuracy": 1.0,
        "avg_confidence": 0.6423737515732207,
        "correct_count": 7,
        "total_count": 7,
        "calibration_error": 0.35762624842677926
      },
      "rhythm": {
        "accuracy": 1.0,
        "avg_confidence": 0.8499999999999999,
        "correct_count": 7,
        "total_count": 7,
        "calibration_error": 0.15000000000000013
      }
    },
    "weight_change": 0.0021548555650608764,
    "window_hours": 24
  }
}