{
  "task_id": "64a64526-21b3-4ae3-8590-b69ebdc4c788",
  "force_low_quality": true,
  "wall_clock_seconds": 112.598876,
  "segments": {
    "start_to_run_config": 0.0011086463928222656,
    "run_config_to_meta": 0.011695623397827148,
    "meta_to_eval": 68.36670660972595,
    "eval_to_second_pass": 44.218761682510376,
    "second_pass_to_end": 0.000244140625
  },
  "second_pass": true,
  "quality": 0.4
}