{
  "task_id": "3b025c10-4f8f-4687-b832-147145b413fd",
  "force_low_quality": true,
  "wall_clock_seconds": 95.513361,
  "segments": {
    "start_to_run_config": 0.0009131431579589844,
    "run_config_to_meta": 0.012293577194213867,
    "meta_to_eval": 63.64040517807007,
    "eval_to_second_pass": 31.859105348587036,
    "second_pass_to_end": 0.00033402442932128906
  },
  "second_pass": true,
  "quality": 0.4
}