{
  "task_id": "ab31e5db-4e3e-41de-abc1-85aa0e0e6da1",
  "force_low_quality": false,
  "wall_clock_seconds": 112.76473,
  "segments": {
    "start_to_run_config": 0.0016760826110839844,
    "run_config_to_meta": 0.010168790817260742,
    "meta_to_eval": 67.11093401908875,
    "eval_to_second_pass": 45.64142966270447,
    "second_pass_to_end": 0.00020360946655273438
  },
  "second_pass": true,
  "quality": 0.4
}