{
  "task_id": "643ab469-ad61-4398-868a-a5f1e2956bf3",
  "force_low_quality": false,
  "wall_clock_seconds": 91.944901,
  "segments": {
    "start_to_run_config": 0.002197742462158203,
    "run_config_to_meta": 0.008183479309082031,
    "meta_to_eval": 69.94224786758423,
    "eval_to_second_pass": 21.991650581359863,
    "second_pass_to_end": 0.0002684593200683594
  },
  "second_pass": true,
  "quality": 0.4
}