{
  "timestamp": "2025-11-05T03:12:42.453915Z",
  "I3": 1.5414872585883135,
  "details": {
    "I_12": 0.774289532527181,
    "I_13": 0.7628952716347115,
    "I_23": 0.7707436292941567,
    "I_123": 0.7664411748677358,
    "I3": 1.5414872585883135,
    "personas": [
      "lua",
      "elo",
      "lumen"
    ],
    "signal_length": 145
  },
  "interpretation": "redundancy"
}