{
  "i3": 0.26523944555740453,
  "i_12": 0.007338244110489445,
  "i_13": 0.023579714502516058,
  "i_23": 0.288916965553935,
  "i_1_23": 0.05459547860953595,
  "signal_length": 76,
  "personas": [
    "lua",
    "elo",
    "lumen"
  ],
  "source": "trinity_real_collaboration",
  "hours": 1,
  "event_count": 228,
  "timestamp": "2025-11-05T03:41:04.891884Z"
}