depth_index,turns,injections,injection_rate,avg_affect_delta
1,92,0,0.0,0.08554347826086961
2,92,0,0.0,0.07445652173913046
