band,lower_bound,upper_bound,turns,fraction
creative,,,159,0.8641304347826086
stable,,,18,0.09782608695652174
risk,,,7,0.03804347826086957
