symmetry_stage,symmetry_stage_label,turns,avg_residual,avg_tension,band_stable,band_creative,band_risk,band_stable_rate,band_creative_rate,band_risk_rate,decision_keep,decision_damp,decision_review
1,Stage 1 - Folding,46,0.5393478260869563,0.18804347826086953,0.0,46.0,0.0,0.0,1.0,0.0,18.0,3.0,5.0
2,Stage 2 - Unfolding,46,0.48217391304347856,0.18608695652173918,10.0,32.0,4.0,0.21739130434782608,0.6956521739130435,0.08695652173913043,22.0,2.0,2.0
3,Stage 3 - Integration,46,0.44826086956521766,0.1365217391304348,7.0,36.0,3.0,0.15217391304347827,0.782608695652174,0.06521739130434782,0.0,0.0,26.0
4,Stage 4 - Symmetry,46,0.3219565217391307,0.15760869565217392,1.0,45.0,0.0,0.021739130434782608,0.9782608695652174,0.0,36.0,1.0,9.0
