{
  "timestamp": 1761576050.4346611,
  "llm_stats": {
    "min": 2.0,
    "max": 2.0,
    "mean": 2.0,
    "median": 2.0,
    "p95": 2.0,
    "p99": 2.0,
    "count": 4
  },
  "tts_stats": {
    "min": 1.5,
    "max": 1.5,
    "mean": 1.5,
    "median": 1.5,
    "p95": 1.5,
    "p99": 1.5,
    "count": 4
  },
  "total_stats": {
    "min": 3.719329833984375e-05,
    "max": 3.5,
    "mean": 1.400030493736267,
    "median": 5.8650970458984375e-05,
    "p95": 3.5,
    "p99": 3.5,
    "count": 10
  },
  "cache_hits": 6,
  "cache_misses": 4
}