{
  "timestamp": "2025-11-02T16:54:47.015643",
  "hours": 1,
  "metrics": {
    "total_tasks": 21,
    "async_tasks": 21,
    "sequential_tasks": 0,
    "fallback_count": 0,
    "error_count": 0,
    "second_pass_count": 0,
    "avg_latency_async": 14.427731452380742,
    "avg_latency_seq": 0.0,
    "async_durations": [
      23.23395259999961,
      29.004062499999236,
      0.003683899999487039,
      26.25901580000027,
      0.0033777999997255392,
      24.178184399999736,
      0.0033029999995051185,
      27.38406909999958,
      0.004551999999421241,
      26.638043000000835,
      0.003335000000333821,
      29.520517300000392,
      0.0030445000002146116,
      30.433471799999097,
      0.0035040000002481975,
      28.836001699999542,
      0.0036809999992328812,
      30.25149639999927,
      0.0032332999999198364,
      27.20894120000048,
      0.0028901999994559446
    ],
    "seq_durations": [],
    "fallback_rate": 0.0,
    "error_rate": 0.0,
    "second_pass_rate": 0.0
  },
  "alerts": []
}