{
  "timestamp": "2025-11-03T16:54:47.070775",
  "hours": 1,
  "metrics": {
    "total_tasks": 10,
    "async_tasks": 10,
    "sequential_tasks": 0,
    "fallback_count": 0,
    "error_count": 0,
    "second_pass_count": 0,
    "avg_latency_async": 4.021898510000028,
    "avg_latency_seq": 0.0,
    "async_durations": [
      40.18048690000069,
      0.005746400000134599,
      0.005248999998002546,
      0.004253900002368027,
      0.005550699999730568,
      0.0036755999990418786,
      0.003798100000494742,
      0.0033320999991701683,
      0.00356869999995979,
      0.0033237000006920425
    ],
    "seq_durations": [],
    "fallback_rate": 0.0,
    "error_rate": 0.0,
    "second_pass_rate": 0.0
  },
  "alerts": []
}