{
  "timestamp": "2025-11-02T08:54:45.575917",
  "hours": 1,
  "metrics": {
    "total_tasks": 24,
    "async_tasks": 14,
    "sequential_tasks": 10,
    "fallback_count": 0,
    "error_count": 0,
    "second_pass_count": 0,
    "avg_latency_async": 26.86262730714168,
    "avg_latency_seq": 29.475462300001233,
    "async_durations": [
      21.397187700000018,
      33.87693949999084,
      32.534539499996754,
      28.67724859998998,
      30.044409000009182,
      26.07637679999607,
      25.68746470000019,
      23.945713499999897,
      25.099107099999856,
      20.72738860000004,
      25.624573900000087,
      31.40159140000037,
      24.58126140000013,
      26.40298060000009
    ],
    "seq_durations": [
      25.966209699996398,
      32.013865000000806,
      36.67728050000005,
      34.89406410000811,
      26.194120900006965,
      28.48174149999977,
      28.632498499999997,
      26.401650000000018,
      26.341858300000126,
      29.151334500000075
    ],
    "fallback_rate": 0.0,
    "error_rate": 0.0,
    "second_pass_rate": 0.0
  },
  "alerts": []
}