{
  "window_hours": 24,
  "generated_at": "2025-11-03T12:55:14.709499",
  "counts": {
    "tasks_total": 79,
    "complete_loops": 60,
    "incomplete_loops": 19,
    "evidence_gate_triggered": 0,
    "second_pass": 0
  },
  "durations_avg_sec": {
    "folding": 2.8919167683333247,
    "unfolding": 4.588207934999877,
    "integration": 6.824311244999948,
    "symmetry": 0.0025846633333401316
  },
  "durations_p95_sec": {
    "folding": 6.823745400000007,
    "unfolding": 10.397500299999592,
    "integration": 15.902499199999511,
    "symmetry": 0.005242299999736133
  },
  "rates_pct": {
    "loop_complete_rate": 75.9493670886076,
    "evidence_gate_trigger_rate": 0.0,
    "second_pass_rate": 0.0
  },
  "quality": {
    "final_quality_avg": 0.85,
    "final_evidence_ok_rate": 100.0
  },
  "samples": [
    {
      "task_id": "runtime-test-001",
      "phases": {
        "folding": 6.823745400000007,
        "unfolding": 6.495402000000013,
        "integration": 15.921213599999987,
        "symmetry": 0.02838650000001053
      },
      "context_count": 0,
      "citations_thesis": 3,
      "citations_synthesis": 6,
      "evidence_gate_triggered": false,
      "second_pass": false,
      "final_quality": 0.85,
      "final_evidence_ok": true
    },
    {
      "task_id": "test-ledger-1762065336",
      "phases": {
        "folding": 6.048338000000058,
        "unfolding": 8.518108499999926,
        "integration": 13.053109799999675,
        "symmetry": 0.0019290000000182772
      },
      "context_count": 0,
      "citations_thesis": 3,
      "citations_synthesis": 6,
      "evidence_gate_triggered": false,
      "second_pass": false,
      "final_quality": 0.85,
      "final_evidence_ok": true
    },
    {
      "task_id": "test-ledger-1762065336-2",
      "phases": {
        "folding": 0.002875399999993533,
        "unfolding": 0.0005591999997704988,
        "integration": 0.0006192000000737607,
        "symmetry": 0.001998100000037084
      },
      "context_count": 0,
      "citations_thesis": 3,
      "citations_synthesis": 6,
      "evidence_gate_triggered": false,
      "second_pass": false,
      "final_quality": 0.85,
      "final_evidence_ok": true
    },
    {
      "task_id": "test-ledger-1762067281",
      "phases": {
        "folding": 6.339735700000347,
        "unfolding": 9.402641099999528,
        "integration": 13.261685699999362,
        "symmetry": 0.0030992000001788256
      },
      "context_count": 0,
      "citations_thesis": 3,
      "citations_synthesis": 6,
      "evidence_gate_triggered": false,
      "second_pass": false,
      "final_quality": 0.85,
      "final_evidence_ok": true
    },
    {
      "task_id": "test-ledger-1762067281-2",
      "phases": {
        "folding": 0.002945999999610649,
        "unfolding": 0.0003418000005694921,
        "integration": 0.0003960999993068981,
        "symmetry": 0.001820600000428385
      },
      "context_count": 0,
      "citations_thesis": 3,
      "citations_synthesis": 6,
      "evidence_gate_triggered": false,
      "second_pass": false,
      "final_quality": 0.85,
      "final_evidence_ok": true
    }
  ],
  "policy": {
    "counts": {
      "allow": 28,
      "warn": 61,
      "block": 0
    },
    "last": {
      "mode": "observe",
      "policy": "quality-first",
      "reasons": []
    }
  },
  "closed_loop": {
    "resonance_simulator": {
      "summary": null,
      "last_resonance": null,
      "last_entropy": null
    },
    "realtime_resonance": {
      "strength": null,
      "coherence": null,
      "phase": null
    }
  }
}