{
  "window_hours": 24,
  "generated_at": "2025-11-02T18:24:39.568126",
  "counts": {
    "tasks_total": 99,
    "complete_loops": 74,
    "incomplete_loops": 25,
    "evidence_gate_triggered": 0,
    "second_pass": 0
  },
  "durations_avg_sec": {
    "folding": 4.207684697297332,
    "unfolding": 6.739292752702553,
    "integration": 9.854129951351482,
    "symmetry": 0.0028062972975272113
  },
  "durations_p95_sec": {
    "folding": 7.953638399999818,
    "unfolding": 11.619577600000412,
    "integration": 17.72532030000002,
    "symmetry": 0.005998399999953108
  },
  "rates_pct": {
    "loop_complete_rate": 74.74747474747475,
    "evidence_gate_trigger_rate": 0.0,
    "second_pass_rate": 0.0
  },
  "quality": {
    "final_quality_avg": 0.85,
    "final_evidence_ok_rate": 100.0
  },
  "samples": [
    {
      "task_id": "runtime-test-001",
      "phases": {
        "folding": 3.537813199998709,
        "unfolding": 5.855360499999733,
        "integration": 8.152799100000266,
        "symmetry": 0.01926599999933387
      },
      "context_count": 0,
      "citations_thesis": 3,
      "citations_synthesis": 6,
      "evidence_gate_triggered": false,
      "second_pass": false,
      "final_quality": 0.85,
      "final_evidence_ok": true
    },
    {
      "task_id": "test-ledger-1762001967",
      "phases": {
        "folding": 7.953638399999818,
        "unfolding": 9.320614599999772,
        "integration": 14.238916100000097,
        "symmetry": 0.002258800000163319
      },
      "context_count": 0,
      "citations_thesis": 3,
      "citations_synthesis": 6,
      "evidence_gate_triggered": false,
      "second_pass": false,
      "final_quality": 0.85,
      "final_evidence_ok": true
    },
    {
      "task_id": "test-ledger-1762001967-2",
      "phases": {
        "folding": 5.334339199999704,
        "unfolding": 8.209606100000201,
        "integration": 13.020016699999815,
        "symmetry": 0.0018045000001620792
      },
      "context_count": 0,
      "citations_thesis": 3,
      "citations_synthesis": 6,
      "evidence_gate_triggered": false,
      "second_pass": false,
      "final_quality": 0.85,
      "final_evidence_ok": true
    },
    {
      "task_id": "test-ledger-1762002062",
      "phases": {
        "folding": 4.649791000000278,
        "unfolding": 15.548172099999647,
        "integration": 18.518116299999747,
        "symmetry": 0.00626109999984692
      },
      "context_count": 0,
      "citations_thesis": 3,
      "citations_synthesis": 6,
      "evidence_gate_triggered": false,
      "second_pass": false,
      "final_quality": 0.85,
      "final_evidence_ok": true
    },
    {
      "task_id": "test-ledger-1762002062-2",
      "phases": {
        "folding": 6.804210000000239,
        "unfolding": 15.516904000000068,
        "integration": 17.887901299999612,
        "symmetry": 0.0015864000001784007
      },
      "context_count": 0,
      "citations_thesis": 3,
      "citations_synthesis": 6,
      "evidence_gate_triggered": false,
      "second_pass": false,
      "final_quality": 0.85,
      "final_evidence_ok": true
    }
  ],
  "policy": {
    "counts": {
      "allow": 19,
      "warn": 89,
      "block": 0
    },
    "last": {
      "mode": "observe",
      "policy": "quality-first",
      "reasons": []
    }
  },
  "closed_loop": {
    "resonance_simulator": {
      "summary": null,
      "last_resonance": null,
      "last_entropy": null
    },
    "realtime_resonance": {
      "strength": null,
      "coherence": null,
      "phase": null
    }
  }
}