{
  "window_hours": 24,
  "generated_at": "2025-11-02T12:51:31.420495",
  "counts": {
    "tasks_total": 60,
    "complete_loops": 36,
    "incomplete_loops": 24,
    "evidence_gate_triggered": 0,
    "second_pass": 0
  },
  "durations_avg_sec": {
    "folding": 5.74355914166669,
    "unfolding": 9.262544491666537,
    "integration": 13.232106311111496,
    "symmetry": 0.0034936333338480255
  },
  "durations_p95_sec": {
    "folding": 9.126262000005227,
    "unfolding": 13.462448199999926,
    "integration": 17.887901299999612,
    "symmetry": 0.00626109999984692
  },
  "rates_pct": {
    "loop_complete_rate": 60.0,
    "evidence_gate_trigger_rate": 0.0,
    "second_pass_rate": 0.0
  },
  "quality": {
    "final_quality_avg": 0.85,
    "final_evidence_ok_rate": 100.0
  },
  "samples": [
    {
      "task_id": "runtime-test-001",
      "phases": {
        "folding": 3.469480400000009,
        "unfolding": 8.526128299999982,
        "integration": 9.401579000000027,
        "symmetry": 0.012369100000000799
      },
      "context_count": 0,
      "citations_thesis": 3,
      "citations_synthesis": 6,
      "evidence_gate_triggered": false,
      "second_pass": false,
      "final_quality": 0.85,
      "final_evidence_ok": true
    },
    {
      "task_id": "test-ledger-1762001967",
      "phases": {
        "folding": 7.953638399999818,
        "unfolding": 9.320614599999772,
        "integration": 14.238916100000097,
        "symmetry": 0.002258800000163319
      },
      "context_count": 0,
      "citations_thesis": 3,
      "citations_synthesis": 6,
      "evidence_gate_triggered": false,
      "second_pass": false,
      "final_quality": 0.85,
      "final_evidence_ok": true
    },
    {
      "task_id": "test-ledger-1762001967-2",
      "phases": {
        "folding": 5.334339199999704,
        "unfolding": 8.209606100000201,
        "integration": 13.020016699999815,
        "symmetry": 0.0018045000001620792
      },
      "context_count": 0,
      "citations_thesis": 3,
      "citations_synthesis": 6,
      "evidence_gate_triggered": false,
      "second_pass": false,
      "final_quality": 0.85,
      "final_evidence_ok": true
    },
    {
      "task_id": "test-ledger-1762002062",
      "phases": {
        "folding": 4.649791000000278,
        "unfolding": 15.548172099999647,
        "integration": 18.518116299999747,
        "symmetry": 0.00626109999984692
      },
      "context_count": 0,
      "citations_thesis": 3,
      "citations_synthesis": 6,
      "evidence_gate_triggered": false,
      "second_pass": false,
      "final_quality": 0.85,
      "final_evidence_ok": true
    },
    {
      "task_id": "test-ledger-1762002062-2",
      "phases": {
        "folding": 6.804210000000239,
        "unfolding": 15.516904000000068,
        "integration": 17.887901299999612,
        "symmetry": 0.0015864000001784007
      },
      "context_count": 0,
      "citations_thesis": 3,
      "citations_synthesis": 6,
      "evidence_gate_triggered": false,
      "second_pass": false,
      "final_quality": 0.85,
      "final_evidence_ok": true
    }
  ],
  "policy": {
    "counts": {
      "allow": 0,
      "warn": 48,
      "block": 0
    },
    "last": {
      "mode": "observe",
      "policy": "quality-first",
      "reasons": [
        "latency 24024ms > max_latency_ms 8000ms"
      ]
    }
  },
  "closed_loop": {
    "resonance_simulator": {
      "summary": null,
      "last_resonance": null,
      "last_entropy": null
    },
    "realtime_resonance": {
      "strength": null,
      "coherence": null,
      "phase": null
    }
  }
}