{
  "timestamp": "2025-11-05T13:52:31.252027",
  "window_hours": 24,
  "n_contexts": 1898,
  "unconditional": {
    "I_lua_elo": 0.0694454675876508,
    "I_lua_lumen": -1.4426948524715044e-10,
    "I_elo_lumen": -1.4426948524715044e-10
  },
  "conditional": {
    "I_elo_lumen_given_context": 0.0
  },
  "interaction": {
    "I3_lua_elo_lumen": -1.4426951300272606e-10
  },
  "improvement": {
    "absolute": -1.4426948524715044e-10,
    "percentage": 325.8892314688408
  },
  "goal": {
    "target": 0.05,
    "achieved": true,
    "remaining": 0.0
  }
}