{
  "count": 6,
  "ok_count": 6,
  "warn_count": 5,
  "critical_count": 0,
  "ok_pct": 100.0,
  "warn_pct": 83.33333333333334,
  "critical_pct": 0.0,
  "last_timestamp": "2025-11-05T09:55:55.9839422+09:00",
  "latency": {
    "min": 195.0,
    "max": 432.0,
    "avg": 342.8333333333333,
    "median": 363.0,
    "p90": 417.5,
    "p95": 424.75,
    "p99": 430.55
  }
}