{
  "tasks": 31,
  "policies": {
    "quality-first": {
      "samples": 31,
      "allow": 25,
      "warn": 6,
      "block": 0,
      "avg_latency_ms": 10444.743306451432,
      "p95_latency_ms": 26315.843600001244
    },
    "latency-first": {
      "samples": 31,
      "allow": 25,
      "warn": 6,
      "block": 0,
      "avg_latency_ms": 10444.743306451432,
      "p95_latency_ms": 26315.843600001244
    }
  }
}