{
  "total_pairs": 10771,
  "rua_pairs": 8802,
  "lubi_pairs": 1969,
  "avg_task_length": 1788.071488255501,
  "avg_result_length": 794.6033794448055,
  "generated_at": "2025-11-05T05:53:07.844864"
}